,Val_1,Val_2,Val_3
43,52775.536952359624,6452.67502335523,31501.106063290714
44,45926.25142255089,7956.735428643968,29724.46105147615
45,43010.06663874463,8508.186669504244,30778.3733370026
46,41884.91095318545,8670.07001059141,32028.715837334326
