,Val_1,Val_2,Val_3
43,57397.92259314783,6661.512927909842,34196.36435605041
44,44870.08122816993,6997.892831809793,29517.63639823986
45,47403.62915935903,7055.031266916677,33965.56671517612
46,55759.60314237519,4498.1222237138945,43967.51916350179
